<?xml version="1.0" encoding="UTF-8"?>
<!--
  Copyright 2016 LinkedIn Corp.

  Licensed under the Apache License, Version 2.0 (the "License"); you may not
  use this file except in compliance with the License. You may obtain a copy of
  the License at

  http://www.apache.org/licenses/LICENSE-2.0

  Unless required by applicable law or agreed to in writing, software
  distributed under the License is distributed on an "AS IS" BASIS, WITHOUT
  WARRANTIES OR CONDITIONS OF ANY KIND, either express or implied. See the
  License for the specific language governing permissions and limitations under
  the License.
-->
<!-- Scheduler configurations -->
<schedulers>

    <scheduler>
        <name>airflow</name>
        <classname>com.linkedin.drelephant.schedulers.AirflowScheduler</classname>
        <params>
            <airflowbaseurl>http://localhost:8000</airflowbaseurl>
        </params>
    </scheduler>

    <scheduler>
        <name>azkaban</name>
        <classname>com.linkedin.drelephant.schedulers.AzkabanScheduler</classname>
        <params>
          <!--<exception_enabled>true</exception_enabled>-->
          <!--<exception_class>com.linkedin.drelephant.exceptions.azkaban.AzkabanWorkflowClient</exception_class>-->
          <!--<private_key>/home/key/private_key</private_key>-->
          <!--<userame>elephant</userame>-->
          <!--<password></password>-->
        </params>

    </scheduler>

    <scheduler>
        <name>oozie</name>
        <classname>com.linkedin.drelephant.schedulers.OozieScheduler</classname>
        <params>
            <!-- URL of oozie host -->
            <oozie_api_url>http://localhost:11000/oozie</oozie_api_url>

            <!-- ### Non mandatory properties ###
            ### choose authentication method
            <oozie_auth_option>KERBEROS/SIMPLE</oozie_auth_option>

            ### override oozie console url with a template (only parameter will be the id)
            <oozie_job_url_template></oozie_job_url_template>
            <oozie_job_exec_url_template></oozie_job_exec_url_template>

            ### (if scheduled jobs are expected make sure to add following templates since oozie doesn't provide their URLS on server v4.1.0)
            <oozie_workflow_url_template>http://localhost:11000/oozie/?job=%s</oozie_workflow_url_template>
            <oozie_workflow_exec_url_template>http://localhost:11000/oozie/?job=%s</oozie_workflow_exec_url_template>

            ### Use true if you can assure all app names are unique.
            ### When true dr-elephant will unit all coordinator runs (in case of coordinator killed and then run again)
            <oozie_app_name_uniqueness>false</oozie_app_name_uniqueness>
            -->
        </params>
    </scheduler>

    <scheduler>
       <name>no_scheduler</name>
       <classname>com.linkedin.drelephant.schedulers.NoScheduler</classname>
    </scheduler>

</schedulers>
